subjID,targetWord,age,sex,dist,t2_correct,site
id0001,chor,5.68104038329911,m,semantic,1,lpz
id0001,rucola,5.68104038329911,m,other,0,lpz
id0001,gazelle,5.68104038329911,m,other,1,lpz
id0001,nelke,5.68104038329911,m,other,1,lpz
id0001,cello,5.68104038329911,m,other,1,lpz
id0002,chor,6.453114305270363,m,semantic,1,lpz
id0002,rucola,6.453114305270363,m,semantic,1,lpz
id0002,nelke,6.453114305270363,m,semantic,1,lpz
id0003,rucola,6.529774127310062,m,semantic,0,lpz
id0003,cello,6.529774127310062,m,other,0,lpz
id0004,chor,5.686516084873374,f,semantic,1,lpz
id0004,ruine,5.686516084873374,f,semantic,1,lpz
id0004,kajak,5.686516084873374,f,other,1,lpz
id0004,nelke,5.686516084873374,f,semantic,1,lpz
id0004,cello,5.686516084873374,f,semantic,0,lpz
id0005,chor,3.030800821355236,m,other,0,lpz
id0005,rucola,3.030800821355236,m,semantic,0,lpz
id0005,palme,3.030800821355236,m,semantic,1,lpz
id0005,gazelle,3.030800821355236,m,semantic,0,lpz
id0005,pfifferling,3.030800821355236,m,semantic,0,lpz
id0005,nelke,3.030800821355236,m,other,0,lpz
id0005,ventilator,3.030800821355236,m,other,1,lpz
id0005,labyrinth,3.030800821355236,m,other,0,lpz
id0005,ozean,3.030800821355236,m,other,0,lpz
id0005,hummer,3.030800821355236,m,semantic,1,lpz
id0005,cello,3.030800821355236,m,other,1,lpz
id0005,kajak,3.030800821355236,m,other,0,lpz
id0005,flunder,3.030800821355236,m,semantic,0,lpz
id0006,ruine,5.4428473648186175,m,semantic,1,lpz
id0006,chor,5.4428473648186175,m,semantic,0,lpz
id0006,rucola,5.4428473648186175,m,semantic,0,lpz
id0006,gazelle,5.4428473648186175,m,other,1,lpz
id0006,orchidee,5.4428473648186175,m,semantic,1,lpz
id0006,nelke,5.4428473648186175,m,other,0,lpz
id0006,hummer,5.4428473648186175,m,semantic,1,lpz
id0006,cello,5.4428473648186175,m,other,0,lpz
id0006,kajak,5.4428473648186175,m,semantic,0,lpz
id0006,flunder,5.4428473648186175,m,semantic,0,lpz
id0006,zucchini,5.4428473648186175,m,semantic,1,lpz
id0007,chor,3.5455167693360714,m,other,0,lpz
id0007,rucola,3.5455167693360714,m,semantic,1,lpz
id0007,gazelle,3.5455167693360714,m,semantic,1,lpz
id0007,pfifferling,3.5455167693360714,m,other,0,lpz
id0007,orchidee,3.5455167693360714,m,semantic,1,lpz
id0007,nelke,3.5455167693360714,m,other,0,lpz
id0007,labyrinth,3.5455167693360714,m,other,0,lpz
id0007,cello,3.5455167693360714,m,other,0,lpz
id0007,kajak,3.5455167693360714,m,other,0,lpz
id0007,flunder,3.5455167693360714,m,other,1,lpz
id0008,rucola,5.546885694729637,f,other,0,lpz
id0008,gazelle,5.546885694729637,f,other,1,lpz
id0008,pfifferling,5.546885694729637,f,other,1,lpz
id0008,orchidee,5.546885694729637,f,other,1,lpz
id0008,nelke,5.546885694729637,f,other,0,lpz
id0008,hummer,5.546885694729637,f,other,1,lpz
id0008,cello,5.546885694729637,f,other,1,lpz
id0008,kajak,5.546885694729637,f,other,0,lpz
id0008,flunder,5.546885694729637,f,semantic,1,lpz
id0008,zucchini,5.546885694729637,f,other,1,lpz
id0009,gazelle,6.86652977412731,m,other,0,lpz
id0009,orchidee,6.86652977412731,m,semantic,0,lpz
id0009,nelke,6.86652977412731,m,semantic,0,lpz
id0010,chor,5.232032854209446,f,semantic,1,lpz
id0010,rucola,5.232032854209446,f,semantic,1,lpz
id0010,gazelle,5.232032854209446,f,other,1,lpz
id0010,nelke,5.232032854209446,f,semantic,0,lpz
id0010,ozean,5.232032854209446,f,other,1,lpz
id0010,cello,5.232032854209446,f,other,1,lpz
id0010,kajak,5.232032854209446,f,other,1,lpz
id0012,nelke,6.611909650924025,m,semantic,1,lpz
id0013,chor,5.136208076659822,f,semantic,0,lpz
id0013,rucola,5.136208076659822,f,other,0,lpz
id0013,gazelle,5.136208076659822,f,other,1,lpz
id0013,ruine,5.136208076659822,f,semantic,0,lpz
id0013,kajak,5.136208076659822,f,other,0,lpz
id0013,hummer,5.136208076659822,f,other,0,lpz
id0013,nelke,5.136208076659822,f,semantic,0,lpz
id0014,rucola,5.122518822724161,f,other,0,lpz
id0014,pfifferling,5.122518822724161,f,other,1,lpz
id0015,chor,3.676933607118412,m,other,0,lpz
id0015,rucola,3.676933607118412,m,semantic,1,lpz
id0015,palme,3.676933607118412,m,other,0,lpz
id0015,ozean,3.676933607118412,m,semantic,1,lpz
id0015,gazelle,3.676933607118412,m,other,0,lpz
id0015,labyrinth,3.676933607118412,m,other,0,lpz
id0015,orchidee,3.676933607118412,m,other,0,lpz
id0015,kajak,3.676933607118412,m,other,0,lpz
id0015,hummer,3.676933607118412,m,other,0,lpz
id0015,nelke,3.676933607118412,m,other,1,lpz
id0016,kajak,6.562628336755647,f,other,1,lpz
id0017,ruine,3.5592060232717317,m,other,1,lpz
id0017,chor,3.5592060232717317,m,other,0,lpz
id0017,ananas,3.5592060232717317,m,semantic,1,lpz
id0017,rucola,3.5592060232717317,m,semantic,0,lpz
id0017,palme,3.5592060232717317,m,other,1,lpz
id0017,pfifferling,3.5592060232717317,m,other,1,lpz
id0017,orchidee,3.5592060232717317,m,other,0,lpz
id0017,nelke,3.5592060232717317,m,semantic,0,lpz
id0017,ventilator,3.5592060232717317,m,semantic,1,lpz
id0017,labyrinth,3.5592060232717317,m,other,1,lpz
id0017,cello,3.5592060232717317,m,other,0,lpz
id0018,ruine,6.694045174537988,f,semantic,1,lpz
id0018,chor,6.694045174537988,f,semantic,1,lpz
id0018,rucola,6.694045174537988,f,semantic,1,lpz
id0018,gazelle,6.694045174537988,f,other,0,lpz
id0018,pfifferling,6.694045174537988,f,other,0,lpz
id0018,orchidee,6.694045174537988,f,semantic,1,lpz
id0018,nelke,6.694045174537988,f,semantic,1,lpz
id0018,hummer,6.694045174537988,f,semantic,1,lpz
id0018,kajak,6.694045174537988,f,other,1,lpz
id0018,flunder,6.694045174537988,f,other,0,lpz
id0019,chor,3.3867214236824092,m,other,1,lpz
id0019,rucola,3.3867214236824092,m,other,1,lpz
id0019,palme,3.3867214236824092,m,other,1,lpz
id0019,ozean,3.3867214236824092,m,other,1,lpz
id0019,gazelle,3.3867214236824092,m,other,1,lpz
id0019,orchidee,3.3867214236824092,m,other,1,lpz
id0019,nelke,3.3867214236824092,m,other,1,lpz
id0019,flunder,3.3867214236824092,m,other,0,lpz
id0019,cello,3.3867214236824092,m,semantic,0,lpz
id0020,chor,6.5571526351813825,f,semantic,1,lpz
id0020,rucola,6.5571526351813825,f,other,0,lpz
id0020,kajak,6.5571526351813825,f,other,0,lpz
id0020,nelke,6.5571526351813825,f,semantic,0,lpz
id0021,ruine,5.374401095140315,m,semantic,1,lpz
id0021,chor,5.374401095140315,m,other,0,lpz
id0021,rucola,5.374401095140315,m,semantic,0,lpz
id0021,pfifferling,5.374401095140315,m,other,1,lpz
id0021,nelke,5.374401095140315,m,semantic,0,lpz
id0021,cello,5.374401095140315,m,other,1,lpz
id0021,flunder,5.374401095140315,m,other,1,lpz
id0022,chor,6.5188227241615335,m,semantic,1,lpz
id0022,rucola,6.5188227241615335,m,semantic,0,lpz
id0022,nelke,6.5188227241615335,m,semantic,0,lpz
id0022,flunder,6.5188227241615335,m,other,0,lpz
id0023,ventilator,3.29637234770705,m,semantic,1,lpz
id0023,ozean,3.29637234770705,m,other,1,lpz
id0023,gazelle,3.29637234770705,m,other,0,lpz
id0023,pfifferling,3.29637234770705,m,semantic,0,lpz
id0023,labyrinth,3.29637234770705,m,other,1,lpz
id0023,orchidee,3.29637234770705,m,semantic,0,lpz
id0023,zucchini,3.29637234770705,m,semantic,1,lpz
id0023,kajak,3.29637234770705,m,semantic,0,lpz
id0023,hummer,3.29637234770705,m,other,1,lpz
id0023,nelke,3.29637234770705,m,semantic,0,lpz
id0023,cello,3.29637234770705,m,semantic,0,lpz
id0024,chor,5.639972621492129,m,semantic,0,lpz
id0024,rucola,5.639972621492129,m,other,0,lpz
id0024,flunder,5.639972621492129,m,other,0,lpz
id0024,cello,5.639972621492129,m,semantic,0,lpz
id0025,chor,6.97056810403833,f,semantic,1,lpz
id0025,rucola,6.97056810403833,f,other,0,lpz
id0025,nelke,6.97056810403833,f,semantic,0,lpz
id0025,cello,6.97056810403833,f,other,0,lpz
id0025,kajak,6.97056810403833,f,other,1,lpz
id0025,flunder,6.97056810403833,f,other,1,lpz
id0026,chor,5.817932922655715,m,semantic,0,lpz
id0026,gazelle,5.817932922655715,m,other,0,lpz
id0026,nelke,5.817932922655715,m,semantic,0,lpz
id0026,cello,5.817932922655715,m,semantic,0,lpz
id0026,flunder,5.817932922655715,m,other,1,lpz
id0027,elch,3.8576317590691303,m,semantic,1,lpz
id0027,ozean,3.8576317590691303,m,semantic,1,lpz
id0027,ruine,3.8576317590691303,m,other,1,lpz
id0027,orchidee,3.8576317590691303,m,semantic,1,lpz
id0027,nelke,3.8576317590691303,m,semantic,0,lpz
id0027,cello,3.8576317590691303,m,other,0,lpz
id0028,chor,6.778918548939083,f,semantic,1,lpz
id0028,ventilator,6.778918548939083,f,semantic,1,lpz
id0028,gazelle,6.778918548939083,f,other,1,lpz
id0028,pfifferling,6.778918548939083,f,other,0,lpz
id0028,ruine,6.778918548939083,f,semantic,1,lpz
id0028,kajak,6.778918548939083,f,semantic,0,lpz
id0028,flunder,6.778918548939083,f,other,0,lpz
id0028,cello,6.778918548939083,f,semantic,1,lpz
id0029,chor,3.7371663244353184,f,other,0,lpz
id0029,rucola,3.7371663244353184,f,other,0,lpz
id0029,ozean,3.7371663244353184,f,semantic,1,lpz
id0029,kajak,3.7371663244353184,f,other,0,lpz
id0029,nelke,3.7371663244353184,f,other,1,lpz
id0029,cello,3.7371663244353184,f,semantic,0,lpz
id0030,rucola,6.677618069815195,m,semantic,1,lpz
id0030,nelke,6.677618069815195,m,semantic,1,lpz
id0030,cello,6.677618069815195,m,semantic,0,lpz
id0031,rucola,4.284736481861739,m,semantic,0,lpz
id0031,gazelle,4.284736481861739,m,other,1,lpz
id0031,pfifferling,4.284736481861739,m,other,1,lpz
id0031,labyrinth,4.284736481861739,m,semantic,1,lpz
id0031,hummer,4.284736481861739,m,other,1,lpz
id0031,cello,4.284736481861739,m,semantic,0,lpz
id0033,chor,6.9897330595482545,m,semantic,0,lpz
id0033,rucola,6.9897330595482545,m,other,0,lpz
id0033,gazelle,6.9897330595482545,m,other,0,lpz
id0033,pfifferling,6.9897330595482545,m,other,0,lpz
id0033,orchidee,6.9897330595482545,m,other,1,lpz
id0033,kajak,6.9897330595482545,m,semantic,1,lpz
id0033,cello,6.9897330595482545,m,other,0,lpz
id0034,chor,3.2224503764544834,f,semantic,1,lpz
id0034,rucola,3.2224503764544834,f,other,0,lpz
id0034,ozean,3.2224503764544834,f,other,0,lpz
id0034,gazelle,3.2224503764544834,f,other,1,lpz
id0034,pfifferling,3.2224503764544834,f,semantic,0,lpz
id0034,ruine,3.2224503764544834,f,other,1,lpz
id0034,labyrinth,3.2224503764544834,f,other,1,lpz
id0034,orchidee,3.2224503764544834,f,other,0,lpz
id0034,kajak,3.2224503764544834,f,semantic,0,lpz
id0034,hummer,3.2224503764544834,f,semantic,1,lpz
id0034,nelke,3.2224503764544834,f,other,1,lpz
id0034,flunder,3.2224503764544834,f,semantic,1,lpz
id0035,rucola,4.542094455852156,m,other,0,lpz
id0035,gazelle,4.542094455852156,m,other,1,lpz
id0035,ruine,4.542094455852156,m,semantic,1,lpz
id0036,ruine,4.024640657084189,m,other,1,lpz
id0036,chor,4.024640657084189,m,other,1,lpz
id0036,orchidee,4.024640657084189,m,semantic,0,lpz
id0036,labyrinth,4.024640657084189,m,semantic,1,lpz
id0036,cello,4.024640657084189,m,semantic,0,lpz
id0037,chor,5.177275838466803,f,semantic,1,lpz
id0037,pfifferling,5.177275838466803,f,other,1,lpz
id0037,nelke,5.177275838466803,f,semantic,1,lpz
id0037,flunder,5.177275838466803,f,semantic,0,lpz
id0037,cello,5.177275838466803,f,semantic,0,lpz
id0038,chor,4.068446269678303,m,other,1,lpz
id0038,rucola,4.068446269678303,m,other,0,lpz
id0038,ozean,4.068446269678303,m,other,0,lpz
id0038,pfifferling,4.068446269678303,m,semantic,0,lpz
id0038,ruine,4.068446269678303,m,other,1,lpz
id0038,orchidee,4.068446269678303,m,semantic,0,lpz
id0038,kajak,4.068446269678303,m,other,0,lpz
id0038,hummer,4.068446269678303,m,other,0,lpz
id0038,nelke,4.068446269678303,m,other,0,lpz
id0038,flunder,4.068446269678303,m,other,0,lpz
id0038,cello,4.068446269678303,m,semantic,1,lpz
id0039,chor,5.0513347022587265,f,semantic,1,lpz
id0039,rucola,5.0513347022587265,f,semantic,1,lpz
id0039,gazelle,5.0513347022587265,f,other,0,lpz
id0039,pfifferling,5.0513347022587265,f,other,1,lpz
id0039,orchidee,5.0513347022587265,f,semantic,0,lpz
id0039,hummer,5.0513347022587265,f,semantic,1,lpz
id0039,nelke,5.0513347022587265,f,other,1,lpz
id0039,flunder,5.0513347022587265,f,other,0,lpz
id0039,cello,5.0513347022587265,f,semantic,1,lpz
id0040,chor,3.893223819301848,m,semantic,0,lpz
id0040,ananas,3.893223819301848,m,semantic,1,lpz
id0040,elch,3.893223819301848,m,other,1,lpz
id0040,rucola,3.893223819301848,m,other,0,lpz
id0040,gazelle,3.893223819301848,m,other,1,lpz
id0040,pfifferling,3.893223819301848,m,other,1,lpz
id0040,nelke,3.893223819301848,m,other,0,lpz
id0040,hummer,3.893223819301848,m,semantic,1,lpz
id0040,cello,3.893223819301848,m,semantic,0,lpz
id0040,kajak,3.893223819301848,m,other,1,lpz
id0040,flunder,3.893223819301848,m,semantic,0,lpz
id0041,rucola,6.425735797399041,f,semantic,0,lpz
id0042,hummer,6.872005475701574,m,other,1,lpz
id0042,cello,6.872005475701574,m,semantic,0,lpz
id0042,kajak,6.872005475701574,m,other,1,lpz
id0042,flunder,6.872005475701574,m,other,0,lpz
id0043,chor,5.489390828199863,f,semantic,0,lpz
id0043,flunder,5.489390828199863,f,semantic,1,lpz
id0044,elch,4.517453798767967,f,semantic,1,lpz
id0044,rucola,4.517453798767967,f,semantic,0,lpz
id0044,orchidee,4.517453798767967,f,other,1,lpz
id0044,kajak,4.517453798767967,f,other,1,lpz
id0044,hummer,4.517453798767967,f,other,1,lpz
id0044,nelke,4.517453798767967,f,other,0,lpz
id0044,flunder,4.517453798767967,f,other,0,lpz
id0045,chor,5.555099247091033,m,semantic,0,lpz
id0045,rucola,5.555099247091033,m,other,0,lpz
id0045,gazelle,5.555099247091033,m,other,1,lpz
id0045,pfifferling,5.555099247091033,m,other,0,lpz
id0045,orchidee,5.555099247091033,m,other,1,lpz
id0045,nelke,5.555099247091033,m,other,1,lpz
id0045,hummer,5.555099247091033,m,other,0,lpz
id0045,kajak,5.555099247091033,m,other,0,lpz
id0045,flunder,5.555099247091033,m,semantic,1,lpz
id0046,rucola,4.569472963723477,f,other,0,lpz
id0046,gazelle,4.569472963723477,f,other,0,lpz
id0046,nelke,4.569472963723477,f,other,0,lpz
id0046,hummer,4.569472963723477,f,other,0,lpz
id0046,cello,4.569472963723477,f,other,0,lpz
id0046,kajak,4.569472963723477,f,other,1,lpz
id0047,rucola,4.988364134154689,f,other,0,lpz
id0047,kajak,4.988364134154689,f,other,0,lpz
id0047,flunder,4.988364134154689,f,other,1,lpz
id0047,cello,4.988364134154689,f,other,0,lpz
id0049,chor,4.301163586584531,m,other,0,lpz
id0049,rucola,4.301163586584531,m,other,0,lpz
id0049,gazelle,4.301163586584531,m,other,0,lpz
id0049,pfifferling,4.301163586584531,m,other,1,lpz
id0049,nelke,4.301163586584531,m,other,1,lpz
id0049,labyrinth,4.301163586584531,m,other,0,lpz
id0049,cello,4.301163586584531,m,other,0,lpz
id0049,kajak,4.301163586584531,m,other,0,lpz
id0050,rucola,6.469541409993155,m,other,1,lpz
id0050,gazelle,6.469541409993155,m,other,1,lpz
id0050,nelke,6.469541409993155,m,semantic,0,lpz
id0050,flunder,6.469541409993155,m,other,1,lpz
id0051,rucola,6.663928815879535,m,semantic,1,lpz
id0051,nelke,6.663928815879535,m,semantic,0,lpz
id0051,hummer,6.663928815879535,m,semantic,1,lpz
id0052,nelke,6.203969883641341,f,semantic,0,lpz
id0052,cello,6.203969883641341,f,semantic,1,lpz
id0052,kajak,6.203969883641341,f,other,1,lpz
id0053,chor,4.432580424366872,m,other,0,lpz
id0053,rucola,4.432580424366872,m,other,0,lpz
id0053,orchidee,4.432580424366872,m,other,0,lpz
id0053,zucchini,4.432580424366872,m,semantic,1,lpz
id0053,hummer,4.432580424366872,m,other,1,lpz
id0053,flunder,4.432580424366872,m,other,1,lpz
id0053,cello,4.432580424366872,m,other,0,lpz
id0054,rucola,4.698151950718686,f,semantic,1,lpz
id0054,gazelle,4.698151950718686,f,other,1,lpz
id0054,pfifferling,4.698151950718686,f,other,0,lpz
id0054,zucchini,4.698151950718686,f,semantic,1,lpz
id0054,flunder,4.698151950718686,f,other,0,lpz
id0054,cello,4.698151950718686,f,semantic,0,lpz
id0055,ruine,3.1731690622861053,f,other,1,lpz
id0055,chor,3.1731690622861053,f,other,0,lpz
id0055,palme,3.1731690622861053,f,semantic,1,lpz
id0055,pfifferling,3.1731690622861053,f,other,1,lpz
id0055,nelke,3.1731690622861053,f,semantic,1,lpz
id0055,labyrinth,3.1731690622861053,f,other,1,lpz
id0055,cello,3.1731690622861053,f,semantic,0,lpz
id0055,kajak,3.1731690622861053,f,other,0,lpz
id0056,kajak,5.776865160848733,f,other,1,lpz
id0056,nelke,5.776865160848733,f,semantic,0,lpz
id0056,flunder,5.776865160848733,f,other,0,lpz
id0057,chor,4.870636550308008,f,other,0,lpz
id0057,pfifferling,4.870636550308008,f,other,0,lpz
id0057,kajak,4.870636550308008,f,other,0,lpz
id0057,nelke,4.870636550308008,f,other,0,lpz
id0057,cello,4.870636550308008,f,semantic,0,lpz
id0058,chor,5.382614647501711,m,semantic,0,lpz
id0058,rucola,5.382614647501711,m,other,0,lpz
id0058,gazelle,5.382614647501711,m,other,0,lpz
id0058,orchidee,5.382614647501711,m,semantic,1,lpz
id0058,zucchini,5.382614647501711,m,semantic,1,lpz
id0058,kajak,5.382614647501711,m,other,1,lpz
id0059,chor,6.436687200547571,f,semantic,1,lpz
id0059,rucola,6.436687200547571,f,semantic,0,lpz
id0059,gazelle,6.436687200547571,f,other,1,lpz
id0059,hummer,6.436687200547571,f,other,1,lpz
id0059,nelke,6.436687200547571,f,semantic,0,lpz
id0059,flunder,6.436687200547571,f,other,0,lpz
id0059,cello,6.436687200547571,f,semantic,0,lpz
id0060,rucola,6.507871321013004,m,other,0,lpz
id0060,kajak,6.507871321013004,m,other,0,lpz
id0060,nelke,6.507871321013004,m,other,0,lpz
id0060,cello,6.507871321013004,m,semantic,0,lpz
id0061,chor,4.629705681040384,f,semantic,1,lpz
id0061,kajak,4.629705681040384,f,other,1,lpz
id0062,chor,6.52703627652293,m,semantic,1,lpz
id0062,rucola,6.52703627652293,m,semantic,1,lpz
id0062,nelke,6.52703627652293,m,semantic,1,lpz
id0063,chor,4.561259411362081,m,semantic,0,lpz
id0063,rucola,4.561259411362081,m,other,0,lpz
id0063,gazelle,4.561259411362081,m,other,1,lpz
id0063,pfifferling,4.561259411362081,m,other,0,lpz
id0063,labyrinth,4.561259411362081,m,semantic,1,lpz
id0063,kajak,4.561259411362081,m,other,1,lpz
id0063,flunder,4.561259411362081,m,other,1,lpz
id0063,cello,4.561259411362081,m,semantic,0,lpz
id0064,chor,4.676249144421629,m,semantic,0,lpz
id0064,rucola,4.676249144421629,m,semantic,1,lpz
id0064,gazelle,4.676249144421629,m,semantic,1,lpz
id0064,ruine,4.676249144421629,m,semantic,1,lpz
id0064,orchidee,4.676249144421629,m,other,0,lpz
id0064,nelke,4.676249144421629,m,other,1,lpz
id0064,cello,4.676249144421629,m,other,1,lpz
id0065,rucola,4.731006160164271,f,semantic,0,lpz
id0065,pfifferling,4.731006160164271,f,semantic,1,lpz
id0065,nelke,4.731006160164271,f,semantic,0,lpz
id0065,ventilator,4.731006160164271,f,semantic,1,lpz
id0065,hummer,4.731006160164271,f,other,0,lpz
id0065,flunder,4.731006160164271,f,other,0,lpz
id0065,zucchini,4.731006160164271,f,semantic,1,lpz
id0066,chor,4.462696783025325,f,semantic,0,lpz
id0066,rucola,4.462696783025325,f,semantic,0,lpz
id0066,nelke,4.462696783025325,f,semantic,0,lpz
id0066,kajak,4.462696783025325,f,other,0,lpz
id0066,flunder,4.462696783025325,f,other,0,lpz
id0067,ruine,6.713210130047912,f,semantic,1,lpz
id0067,chor,6.713210130047912,f,semantic,1,lpz
id0068,chor,3.263518138261465,m,other,1,lpz
id0068,elch,3.263518138261465,m,other,0,lpz
id0068,palme,3.263518138261465,m,other,0,lpz
id0068,gazelle,3.263518138261465,m,other,1,lpz
id0068,pfifferling,3.263518138261465,m,semantic,0,lpz
id0068,orchidee,3.263518138261465,m,other,0,lpz
id0068,labyrinth,3.263518138261465,m,other,0,lpz
id0068,cello,3.263518138261465,m,other,0,lpz
id0068,flunder,3.263518138261465,m,other,1,lpz
id0068,zucchini,3.263518138261465,m,semantic,1,lpz
id0069,chor,4.829568788501026,f,semantic,1,lpz
id0069,rucola,4.829568788501026,f,other,0,lpz
id0069,orchidee,4.829568788501026,f,other,0,lpz
id0069,nelke,4.829568788501026,f,semantic,0,lpz
id0069,flunder,4.829568788501026,f,other,1,lpz
id0070,kajak,4.342231348391513,f,other,1,lpz
id0070,nelke,4.342231348391513,f,semantic,1,lpz
id0071,chor,3.783709787816564,m,semantic,1,lpz
id0071,rucola,3.783709787816564,m,other,0,lpz
id0071,nelke,3.783709787816564,m,semantic,1,lpz
id0071,ozean,3.783709787816564,m,semantic,1,lpz
id0071,cello,3.783709787816564,m,semantic,1,lpz
id0071,kajak,3.783709787816564,m,other,1,lpz
id0072,flunder,5.08145106091718,m,other,1,lpz
id0073,chor,4.399726214921286,m,other,1,lpz
id0073,rucola,4.399726214921286,m,semantic,1,lpz
id0073,nelke,4.399726214921286,m,other,1,lpz
id0073,ozean,4.399726214921286,m,semantic,1,lpz
id0073,cello,4.399726214921286,m,semantic,1,lpz
id0073,zucchini,4.399726214921286,m,semantic,1,lpz
id0074,chor,5.092402464065708,f,semantic,1,lpz
id0074,rucola,5.092402464065708,f,other,0,lpz
id0074,pfifferling,5.092402464065708,f,other,0,lpz
id0074,ruine,5.092402464065708,f,semantic,1,lpz
id0074,labyrinth,5.092402464065708,f,semantic,1,lpz
id0074,hummer,5.092402464065708,f,other,0,lpz
id0074,nelke,5.092402464065708,f,other,0,lpz
id0074,flunder,5.092402464065708,f,other,0,lpz
id0075,chor,5.1416837782340865,m,semantic,0,lpz
id0075,rucola,5.1416837782340865,m,semantic,1,lpz
id0075,nelke,5.1416837782340865,m,semantic,0,lpz
id0075,cello,5.1416837782340865,m,other,1,lpz
id0076,rucola,6.872005475701574,f,semantic,1,lpz
id0076,pfifferling,6.872005475701574,f,other,1,lpz
id0076,orchidee,6.872005475701574,f,semantic,0,lpz
id0076,kajak,6.872005475701574,f,other,1,lpz
id0077,chor,4.706365503080082,f,semantic,1,lpz
id0077,gazelle,4.706365503080082,f,other,1,lpz
id0077,ruine,4.706365503080082,f,other,1,lpz
id0077,kajak,4.706365503080082,f,other,0,lpz
id0077,hummer,4.706365503080082,f,other,1,lpz
id0077,nelke,4.706365503080082,f,semantic,1,lpz
id0078,ruine,3.463381245722108,m,other,1,lpz
id0078,chor,3.463381245722108,m,other,1,lpz
id0078,rucola,3.463381245722108,m,other,0,lpz
id0078,palme,3.463381245722108,m,semantic,1,lpz
id0078,gazelle,3.463381245722108,m,other,0,lpz
id0078,orchidee,3.463381245722108,m,other,0,lpz
id0078,nelke,3.463381245722108,m,other,0,lpz
id0078,ventilator,3.463381245722108,m,semantic,1,lpz
id0078,labyrinth,3.463381245722108,m,other,1,lpz
id0078,ozean,3.463381245722108,m,other,0,lpz
id0078,hummer,3.463381245722108,m,semantic,1,lpz
id0078,cello,3.463381245722108,m,semantic,0,lpz
id0078,kajak,3.463381245722108,m,other,0,lpz
id0078,zucchini,3.463381245722108,m,semantic,1,lpz
id0079,ruine,3.0663928815879533,f,other,0,lpz
id0079,ananas,3.0663928815879533,f,other,1,lpz
id0079,elch,3.0663928815879533,f,other,0,lpz
id0079,rucola,3.0663928815879533,f,other,0,lpz
id0079,orchidee,3.0663928815879533,f,other,1,lpz
id0079,nelke,3.0663928815879533,f,semantic,0,lpz
id0079,ozean,3.0663928815879533,f,other,1,lpz
id0079,cello,3.0663928815879533,f,other,0,lpz
id0080,ruine,4.769336071184121,m,semantic,1,lpz
id0080,nelke,4.769336071184121,m,semantic,0,lpz
id0080,cello,4.769336071184121,m,semantic,1,lpz
id0080,flunder,4.769336071184121,m,other,1,lpz
id0081,chor,3.786447638603696,f,semantic,0,lpz
id0081,rucola,3.786447638603696,f,other,1,lpz
id0081,ozean,3.786447638603696,f,other,1,lpz
id0081,gazelle,3.786447638603696,f,other,0,lpz
id0081,ruine,3.786447638603696,f,other,1,lpz
id0081,labyrinth,3.786447638603696,f,other,1,lpz
id0081,orchidee,3.786447638603696,f,semantic,0,lpz
id0081,kajak,3.786447638603696,f,other,0,lpz
id0081,nelke,3.786447638603696,f,other,0,lpz
id0081,cello,3.786447638603696,f,other,0,lpz
id0082,chor,4.476386036960986,m,semantic,0,lpz
id0082,rucola,4.476386036960986,m,other,1,lpz
id0082,ozean,4.476386036960986,m,semantic,1,lpz
id0082,gazelle,4.476386036960986,m,other,1,lpz
id0082,pfifferling,4.476386036960986,m,semantic,1,lpz
id0082,orchidee,4.476386036960986,m,other,0,lpz
id0082,kajak,4.476386036960986,m,other,1,lpz
id0082,cello,4.476386036960986,m,other,0,lpz
id0083,chor,3.477070499657769,f,other,0,lpz
id0084,chor,6.168377823408624,m,semantic,1,lpz
id0084,nelke,6.168377823408624,m,semantic,0,lpz
id0084,cello,6.168377823408624,m,other,0,lpz
id0084,flunder,6.168377823408624,m,other,1,lpz
id0085,chor,5.409993155373032,f,semantic,0,lpz
id0085,rucola,5.409993155373032,f,semantic,1,lpz
id0085,gazelle,5.409993155373032,f,other,1,lpz
id0085,orchidee,5.409993155373032,f,semantic,1,lpz
id0085,nelke,5.409993155373032,f,semantic,0,lpz
id0085,cello,5.409993155373032,f,semantic,1,lpz
id0086,ruine,3.813826146475017,f,semantic,1,lpz
id0086,chor,3.813826146475017,f,other,0,lpz
id0086,rucola,3.813826146475017,f,semantic,0,lpz
id0086,palme,3.813826146475017,f,other,0,lpz
id0086,gazelle,3.813826146475017,f,other,1,lpz
id0086,pfifferling,3.813826146475017,f,other,1,lpz
id0086,nelke,3.813826146475017,f,semantic,0,lpz
id0086,ventilator,3.813826146475017,f,semantic,1,lpz
id0086,labyrinth,3.813826146475017,f,other,1,lpz
id0086,hummer,3.813826146475017,f,other,0,lpz
id0086,cello,3.813826146475017,f,other,1,lpz
id0086,flunder,3.813826146475017,f,semantic,0,lpz
id0087,chor,5.859000684462697,m,semantic,1,lpz
id0087,nelke,5.859000684462697,m,semantic,0,lpz
id0087,cello,5.859000684462697,m,other,0,lpz
id0087,kajak,5.859000684462697,m,other,1,lpz
id0088,möhre,3.2224503764544834,m,other,1,lpz
id0088,ameise,3.2224503764544834,m,semantic,1,lpz
id0088,chor,3.2224503764544834,m,other,0,lpz
id0088,ventilator,3.2224503764544834,m,other,1,lpz
id0088,rucola,3.2224503764544834,m,semantic,0,lpz
id0088,palme,3.2224503764544834,m,other,1,lpz
id0088,ozean,3.2224503764544834,m,other,1,lpz
id0088,gazelle,3.2224503764544834,m,other,1,lpz
id0088,pfifferling,3.2224503764544834,m,semantic,1,lpz
id0088,ruine,3.2224503764544834,m,other,1,lpz
id0088,labyrinth,3.2224503764544834,m,other,0,lpz
id0088,orchidee,3.2224503764544834,m,other,0,lpz
id0088,kajak,3.2224503764544834,m,other,0,lpz
id0088,nelke,3.2224503764544834,m,other,0,lpz
id0088,flunder,3.2224503764544834,m,semantic,1,lpz
id0088,cello,3.2224503764544834,m,semantic,0,lpz
id0089,chor,4.05201916495551,f,semantic,0,lpz
id0089,kajak,4.05201916495551,f,other,0,lpz
id0089,hummer,4.05201916495551,f,other,1,lpz
id0089,nelke,4.05201916495551,f,other,1,lpz
id0089,flunder,4.05201916495551,f,other,1,lpz
id0090,rucola,4.314852840520191,m,other,0,lpz
id0090,nelke,4.314852840520191,m,semantic,1,lpz
id0090,cello,4.314852840520191,m,semantic,0,lpz
id0090,flunder,4.314852840520191,m,other,0,lpz
id0091,chor,3.0417522245037647,m,semantic,0,lpz
id0091,rucola,3.0417522245037647,m,other,0,lpz
id0091,palme,3.0417522245037647,m,other,0,lpz
id0091,gazelle,3.0417522245037647,m,other,0,lpz
id0091,pfifferling,3.0417522245037647,m,other,0,lpz
id0091,nelke,3.0417522245037647,m,semantic,0,lpz
id0091,ventilator,3.0417522245037647,m,semantic,1,lpz
id0091,labyrinth,3.0417522245037647,m,other,0,lpz
id0091,ozean,3.0417522245037647,m,semantic,1,lpz
id0091,cello,3.0417522245037647,m,other,1,lpz
id0091,kajak,3.0417522245037647,m,semantic,0,lpz
id0091,flunder,3.0417522245037647,m,other,0,lpz
id0093,chor,4.030116358658453,m,semantic,0,lpz
id0093,rucola,4.030116358658453,m,semantic,0,lpz
id0093,gazelle,4.030116358658453,m,other,0,lpz
id0093,pfifferling,4.030116358658453,m,semantic,1,lpz
id0093,nelke,4.030116358658453,m,semantic,1,lpz
id0093,ozean,4.030116358658453,m,semantic,1,lpz
id0093,cello,4.030116358658453,m,semantic,0,lpz
id0093,kajak,4.030116358658453,m,other,0,lpz
id0093,flunder,4.030116358658453,m,semantic,1,lpz
id0094,chor,5.048596851471594,f,other,1,lpz
id0094,gazelle,5.048596851471594,f,other,0,lpz
id0094,pfifferling,5.048596851471594,f,other,1,lpz
id0094,nelke,5.048596851471594,f,semantic,0,lpz
id0094,flunder,5.048596851471594,f,other,0,lpz
id0095,rucola,3.3045859000684463,f,other,0,lpz
id0095,palme,3.3045859000684463,f,semantic,1,lpz
id0095,ozean,3.3045859000684463,f,other,1,lpz
id0095,gazelle,3.3045859000684463,f,other,0,lpz
id0095,orchidee,3.3045859000684463,f,other,0,lpz
id0095,hummer,3.3045859000684463,f,other,1,lpz
id0095,flunder,3.3045859000684463,f,other,0,lpz
id0095,cello,3.3045859000684463,f,semantic,0,lpz
id0096,chor,3.356605065023956,f,semantic,0,lpz
id0096,gazelle,3.356605065023956,f,other,0,lpz
id0096,pfifferling,3.356605065023956,f,semantic,0,lpz
id0096,orchidee,3.356605065023956,f,other,0,lpz
id0096,hummer,3.356605065023956,f,other,1,lpz
id0096,nelke,3.356605065023956,f,other,0,lpz
id0096,cello,3.356605065023956,f,semantic,0,lpz
id0097,möhre,3.1156741957563314,m,semantic,1,lpz
id0097,ruine,3.1156741957563314,m,other,1,lpz
id0097,elch,3.1156741957563314,m,other,1,lpz
id0097,rucola,3.1156741957563314,m,other,0,lpz
id0097,gazelle,3.1156741957563314,m,other,0,lpz
id0097,orchidee,3.1156741957563314,m,semantic,0,lpz
id0097,nelke,3.1156741957563314,m,other,1,lpz
id0097,labyrinth,3.1156741957563314,m,semantic,1,lpz
id0097,ozean,3.1156741957563314,m,other,1,lpz
id0097,cello,3.1156741957563314,m,semantic,0,lpz
id0097,kajak,3.1156741957563314,m,other,0,lpz
id0097,zucchini,3.1156741957563314,m,other,1,lpz
id0098,gazelle,6.132785763175907,f,semantic,1,lpz
id0098,nelke,6.132785763175907,f,semantic,0,lpz
id0098,cello,6.132785763175907,f,semantic,0,lpz
id0098,flunder,6.132785763175907,f,other,1,lpz
id0099,chor,4.616016427104722,m,other,0,lpz
id0099,rucola,4.616016427104722,m,other,1,lpz
id0099,gazelle,4.616016427104722,m,other,1,lpz
id0099,labyrinth,4.616016427104722,m,other,1,lpz
id0099,orchidee,4.616016427104722,m,semantic,1,lpz
id0099,nelke,4.616016427104722,m,semantic,0,lpz
id0100,nelke,6.551676933607118,m,semantic,0,lpz
id0101,rucola,5.1854893908282,m,other,0,lpz
id0101,gazelle,5.1854893908282,m,other,1,lpz
id0101,labyrinth,5.1854893908282,m,semantic,1,lpz
id0101,orchidee,5.1854893908282,m,other,1,lpz
id0101,kajak,5.1854893908282,m,other,1,lpz
id0101,nelke,5.1854893908282,m,semantic,0,lpz
id0102,rucola,5.166324435318275,f,other,0,lpz
id0102,ruine,5.166324435318275,f,semantic,1,lpz
id0102,kajak,5.166324435318275,f,other,0,lpz
id0102,nelke,5.166324435318275,f,semantic,1,lpz
id0102,flunder,5.166324435318275,f,other,0,lpz
id0102,cello,5.166324435318275,f,semantic,1,lpz
id0103,rucola,4.309377138945927,f,semantic,0,lpz
id0103,palme,4.309377138945927,f,semantic,1,lpz
id0103,ozean,4.309377138945927,f,other,0,lpz
id0103,gazelle,4.309377138945927,f,other,1,lpz
id0103,pfifferling,4.309377138945927,f,semantic,0,lpz
id0103,orchidee,4.309377138945927,f,semantic,0,lpz
id0103,hummer,4.309377138945927,f,other,1,lpz
id0103,nelke,4.309377138945927,f,other,0,lpz
id0103,flunder,4.309377138945927,f,other,1,lpz
id0103,cello,4.309377138945927,f,other,0,lpz
id0104,ozean,3.7426420260095825,f,other,0,lpz
id0104,orchidee,3.7426420260095825,f,semantic,1,lpz
id0104,cello,3.7426420260095825,f,other,1,lpz
id0106,ozean,4.944558521560575,m,other,1,lpz
id0106,cello,4.944558521560575,m,other,0,lpz
id0107,gazelle,4.470910335386721,m,semantic,1,lpz
id0107,flunder,4.470910335386721,m,other,1,lpz
id0108,flunder,6.598220396988364,f,semantic,1,lpz
id0109,chor,5.587953456536619,m,other,0,lpz
id0109,rucola,5.587953456536619,m,other,1,lpz
id0109,gazelle,5.587953456536619,m,other,0,lpz
id0109,orchidee,5.587953456536619,m,other,0,lpz
id0109,nelke,5.587953456536619,m,other,0,lpz
id0109,flunder,5.587953456536619,m,other,0,lpz
id0109,cello,5.587953456536619,m,semantic,1,lpz
id0110,chor,4.832306639288158,m,semantic,0,lpz
id0110,orchidee,4.832306639288158,m,other,1,lpz
id0110,kajak,4.832306639288158,m,other,0,lpz
id0110,nelke,4.832306639288158,m,other,0,lpz
id0110,flunder,4.832306639288158,m,other,1,lpz
id0110,cello,4.832306639288158,m,other,0,lpz
id0111,chor,4.687200547570157,m,semantic,1,lpz
id0111,pfifferling,4.687200547570157,m,other,1,lpz
id0111,nelke,4.687200547570157,m,semantic,1,lpz
id0111,kajak,4.687200547570157,m,semantic,1,lpz
id0111,flunder,4.687200547570157,m,other,1,lpz
id0112,chor,3.822039698836414,m,semantic,1,lpz
id0112,palme,3.822039698836414,m,other,1,lpz
id0112,gazelle,3.822039698836414,m,other,0,lpz
id0112,pfifferling,3.822039698836414,m,semantic,0,lpz
id0112,orchidee,3.822039698836414,m,other,0,lpz
id0112,nelke,3.822039698836414,m,semantic,0,lpz
id0112,labyrinth,3.822039698836414,m,other,1,lpz
id0112,ozean,3.822039698836414,m,other,1,lpz
id0112,kajak,3.822039698836414,m,other,0,lpz
id0112,flunder,3.822039698836414,m,semantic,1,lpz
id0112,zucchini,3.822039698836414,m,other,1,lpz
id0113,gazelle,4.629705681040384,f,other,0,lpz
id0113,pfifferling,4.629705681040384,f,other,1,lpz
id0113,orchidee,4.629705681040384,f,other,1,lpz
id0113,nelke,4.629705681040384,f,semantic,1,lpz
id0113,kajak,4.629705681040384,f,other,0,lpz
id0114,chor,5.702943189596167,m,semantic,1,lpz
id0114,rucola,5.702943189596167,m,other,1,lpz
id0114,cello,5.702943189596167,m,other,1,lpz
id0116,rucola,6.874743326488707,f,semantic,0,lpz
id0116,pfifferling,6.874743326488707,f,other,1,lpz
id0116,nelke,6.874743326488707,f,semantic,1,lpz
id0116,flunder,6.874743326488707,f,other,0,lpz
id0117,rucola,4.306639288158795,f,other,0,lpz
id0117,pfifferling,4.306639288158795,f,other,0,lpz
id0117,nelke,4.306639288158795,f,other,1,lpz
id0117,cello,4.306639288158795,f,other,0,lpz
id0117,kajak,4.306639288158795,f,other,1,lpz
id0117,flunder,4.306639288158795,f,semantic,1,lpz
id0118,rucola,5.675564681724846,m,other,0,lpz
id0118,gazelle,5.675564681724846,m,other,1,lpz
id0118,hummer,5.675564681724846,m,other,1,lpz
id0118,nelke,5.675564681724846,m,semantic,0,lpz
id0119,rucola,6.242299794661191,m,semantic,1,lpz
id0119,nelke,6.242299794661191,m,semantic,1,lpz
id0120,chor,3.186858316221766,f,semantic,0,lpz
id0120,rucola,3.186858316221766,f,other,0,lpz
id0120,ozean,3.186858316221766,f,semantic,0,lpz
id0120,pfifferling,3.186858316221766,f,other,1,lpz
id0120,ruine,3.186858316221766,f,other,0,lpz
id0120,labyrinth,3.186858316221766,f,semantic,1,lpz
id0120,kajak,3.186858316221766,f,other,0,lpz
id0120,flunder,3.186858316221766,f,other,0,lpz
id0121,chor,3.080082135523614,f,other,0,lpz
id0121,ventilator,3.080082135523614,f,other,1,lpz
id0121,rucola,3.080082135523614,f,other,0,lpz
id0121,ozean,3.080082135523614,f,other,0,lpz
id0121,gazelle,3.080082135523614,f,other,0,lpz
id0121,pfifferling,3.080082135523614,f,semantic,0,lpz
id0121,ruine,3.080082135523614,f,other,1,lpz
id0121,labyrinth,3.080082135523614,f,semantic,1,lpz
id0121,orchidee,3.080082135523614,f,other,0,lpz
id0121,kajak,3.080082135523614,f,other,0,lpz
id0121,flunder,3.080082135523614,f,semantic,1,lpz
id0121,cello,3.080082135523614,f,other,1,lpz
id0122,orchidee,6.8583162217659135,f,semantic,0,lpz
id0122,cello,6.8583162217659135,f,semantic,1,lpz
id0123,nelke,6.625598904859685,f,semantic,0,lpz
id0124,chor,3.2197125256673513,f,semantic,1,lpz
id0124,rucola,3.2197125256673513,f,other,0,lpz
id0124,palme,3.2197125256673513,f,other,1,lpz
id0124,ozean,3.2197125256673513,f,other,0,lpz
id0124,gazelle,3.2197125256673513,f,other,1,lpz
id0124,pfifferling,3.2197125256673513,f,other,0,lpz
id0124,ruine,3.2197125256673513,f,other,1,lpz
id0124,labyrinth,3.2197125256673513,f,other,0,lpz
id0124,orchidee,3.2197125256673513,f,other,0,lpz
id0124,kajak,3.2197125256673513,f,other,0,lpz
id0124,hummer,3.2197125256673513,f,semantic,0,lpz
id0124,nelke,3.2197125256673513,f,other,0,lpz
id0124,flunder,3.2197125256673513,f,other,0,lpz
id0124,cello,3.2197125256673513,f,other,0,lpz
id0125,elch,5.426420260095825,m,semantic,1,lpz
id0125,chor,5.426420260095825,m,semantic,0,lpz
id0125,palme,5.426420260095825,m,other,1,lpz
id0125,gazelle,5.426420260095825,m,other,0,lpz
id0125,pfifferling,5.426420260095825,m,other,0,lpz
id0125,labyrinth,5.426420260095825,m,other,1,lpz
id0125,orchidee,5.426420260095825,m,other,0,lpz
id0125,kajak,5.426420260095825,m,other,1,lpz
id0125,hummer,5.426420260095825,m,semantic,0,lpz
id0125,nelke,5.426420260095825,m,semantic,0,lpz
id0125,flunder,5.426420260095825,m,semantic,0,lpz
id0125,cello,5.426420260095825,m,semantic,0,lpz
id0126,elch,4.654346338124572,f,other,1,lpz
id0126,cello,4.654346338124572,f,semantic,1,lpz
id0127,chor,4.670773442847365,f,other,1,lpz
id0127,pfifferling,4.670773442847365,f,other,1,lpz
id0127,nelke,4.670773442847365,f,other,0,lpz
id0127,cello,4.670773442847365,f,other,1,lpz
id0127,flunder,4.670773442847365,f,other,0,lpz
id0128,ameise,4.511978097193703,f,semantic,1,lpz
id0128,ruine,4.511978097193703,f,semantic,1,lpz
id0128,rucola,4.511978097193703,f,semantic,0,lpz
id0128,pfifferling,4.511978097193703,f,semantic,1,lpz
id0128,orchidee,4.511978097193703,f,other,0,lpz
id0128,nelke,4.511978097193703,f,other,0,lpz
id0128,ozean,4.511978097193703,f,semantic,0,lpz
id0128,hummer,4.511978097193703,f,other,1,lpz
id0128,kajak,4.511978097193703,f,other,0,lpz
id0128,flunder,4.511978097193703,f,other,0,lpz
id0129,rucola,6.04517453798768,f,other,0,lpz
id0130,chor,5.678302532511978,m,semantic,1,lpz
id0130,rucola,5.678302532511978,m,semantic,1,lpz
id0130,nelke,5.678302532511978,m,semantic,0,lpz
id0130,cello,5.678302532511978,m,semantic,1,lpz
id0131,chor,3.764544832306639,m,other,0,lpz
id0131,palme,3.764544832306639,m,other,1,lpz
id0131,ozean,3.764544832306639,m,other,0,lpz
id0131,gazelle,3.764544832306639,m,other,1,lpz
id0131,kajak,3.764544832306639,m,other,1,lpz
id0131,nelke,3.764544832306639,m,other,1,lpz
id0131,flunder,3.764544832306639,m,other,1,lpz
id0132,ruine,4.741957563312799,m,semantic,0,lpz
id0132,chor,4.741957563312799,m,other,0,lpz
id0132,rucola,4.741957563312799,m,other,0,lpz
id0132,gazelle,4.741957563312799,m,other,0,lpz
id0132,orchidee,4.741957563312799,m,semantic,0,lpz
id0132,nelke,4.741957563312799,m,other,0,lpz
id0132,cello,4.741957563312799,m,other,1,lpz
id0132,flunder,4.741957563312799,m,other,0,lpz
id0133,chor,4.59958932238193,m,semantic,0,lpz
id0133,rucola,4.59958932238193,m,other,0,lpz
id0133,gazelle,4.59958932238193,m,other,0,lpz
id0133,pfifferling,4.59958932238193,m,semantic,1,lpz
id0133,ruine,4.59958932238193,m,other,1,lpz
id0133,kajak,4.59958932238193,m,semantic,1,lpz
id0133,cello,4.59958932238193,m,other,0,lpz
id0134,chor,4.65160848733744,f,other,0,lpz
id0134,rucola,4.65160848733744,f,other,0,lpz
id0134,ozean,4.65160848733744,f,other,0,lpz
id0134,gazelle,4.65160848733744,f,other,1,lpz
id0134,pfifferling,4.65160848733744,f,semantic,0,lpz
id0134,ruine,4.65160848733744,f,other,1,lpz
id0134,orchidee,4.65160848733744,f,semantic,1,lpz
id0134,kajak,4.65160848733744,f,other,1,lpz
id0134,nelke,4.65160848733744,f,semantic,0,lpz
id0134,cello,4.65160848733744,f,semantic,1,lpz
id0135,chor,3.9534565366187544,m,semantic,1,lpz
id0135,rucola,3.9534565366187544,m,other,0,lpz
id0135,gazelle,3.9534565366187544,m,other,0,lpz
id0135,hummer,3.9534565366187544,m,other,1,lpz
id0135,cello,3.9534565366187544,m,other,0,lpz
id0135,kajak,3.9534565366187544,m,other,0,lpz
id0136,ruine,5.601642710472279,f,semantic,1,lpz
id0136,chor,5.601642710472279,f,semantic,1,lpz
id0136,cello,5.601642710472279,f,semantic,1,lpz
id0137,chor,6.7734428473648185,f,semantic,1,lpz
id0137,rucola,6.7734428473648185,f,semantic,1,lpz
id0137,kajak,6.7734428473648185,f,other,1,lpz
id0137,nelke,6.7734428473648185,f,semantic,0,lpz
id0137,flunder,6.7734428473648185,f,other,0,lpz
id0138,chor,5.032169746748802,m,semantic,0,lpz
id0138,rucola,5.032169746748802,m,other,0,lpz
id0138,gazelle,5.032169746748802,m,other,0,lpz
id0138,pfifferling,5.032169746748802,m,other,0,lpz
id0138,orchidee,5.032169746748802,m,other,0,lpz
id0138,ozean,5.032169746748802,m,other,1,lpz
id0138,cello,5.032169746748802,m,semantic,0,lpz
id0138,kajak,5.032169746748802,m,other,0,lpz
id0139,rucola,6.450376454483231,f,semantic,0,lpz
id0140,kajak,6.652977412731006,f,other,1,lpz
id0140,nelke,6.652977412731006,f,semantic,0,lpz
id0141,chor,3.767282683093771,f,semantic,0,lpz
id0141,ozean,3.767282683093771,f,semantic,1,lpz
id0141,gazelle,3.767282683093771,f,other,1,lpz
id0141,pfifferling,3.767282683093771,f,other,0,lpz
id0141,ruine,3.767282683093771,f,other,1,lpz
id0141,hummer,3.767282683093771,f,semantic,1,lpz
id0141,nelke,3.767282683093771,f,other,1,lpz
id0141,flunder,3.767282683093771,f,semantic,1,lpz
id0141,cello,3.767282683093771,f,other,1,lpz
id0142,chor,4.057494866529774,f,semantic,0,lpz
id0142,pfifferling,4.057494866529774,f,other,1,lpz
id0142,nelke,4.057494866529774,f,semantic,1,lpz
id0142,cello,4.057494866529774,f,other,0,lpz
id0142,kajak,4.057494866529774,f,other,0,lpz
id0143,chor,4.7091033538672145,m,other,1,lpz
id0143,rucola,4.7091033538672145,m,other,0,lpz
id0143,pfifferling,4.7091033538672145,m,other,1,lpz
id0143,cello,4.7091033538672145,m,semantic,1,lpz
id0143,kajak,4.7091033538672145,m,other,1,lpz
id0144,ruine,3.8576317590691303,m,other,1,lpz
id0144,chor,3.8576317590691303,m,semantic,0,lpz
id0144,rucola,3.8576317590691303,m,other,0,lpz
id0144,palme,3.8576317590691303,m,other,1,lpz
id0144,labyrinth,3.8576317590691303,m,other,1,lpz
id0144,ozean,3.8576317590691303,m,other,0,lpz
id0144,cello,3.8576317590691303,m,other,0,lpz
id0144,kajak,3.8576317590691303,m,other,1,lpz
id0145,chor,6.346338124572211,f,other,1,lpz
id0145,rucola,6.346338124572211,f,semantic,1,lpz
id0145,gazelle,6.346338124572211,f,other,0,lpz
id0145,ruine,6.346338124572211,f,semantic,1,lpz
id0145,kajak,6.346338124572211,f,other,1,lpz
id0145,nelke,6.346338124572211,f,semantic,1,lpz
id0145,flunder,6.346338124572211,f,other,0,lpz
id0146,chor,4.591375770020534,f,other,0,lpz
id0146,rucola,4.591375770020534,f,other,1,lpz
id0146,gazelle,4.591375770020534,f,other,1,lpz
id0146,nelke,4.591375770020534,f,semantic,1,lpz
id0146,flunder,4.591375770020534,f,other,1,lpz
id0146,cello,4.591375770020534,f,semantic,0,lpz
id0147,rucola,6.072553045859,f,semantic,1,lpz
id0147,gazelle,6.072553045859,f,semantic,1,lpz
id0147,nelke,6.072553045859,f,semantic,1,lpz
id0147,ozean,6.072553045859,f,semantic,1,lpz
id0147,cello,6.072553045859,f,other,0,lpz
id0147,kajak,6.072553045859,f,other,1,lpz
id0147,flunder,6.072553045859,f,other,1,lpz
id0148,chor,3.972621492128679,f,semantic,1,lpz
id0148,rucola,3.972621492128679,f,semantic,0,lpz
id0148,ozean,3.972621492128679,f,semantic,1,lpz
id0148,hummer,3.972621492128679,f,other,1,lpz
id0148,nelke,3.972621492128679,f,semantic,0,lpz
id0148,flunder,3.972621492128679,f,other,0,lpz
id0150,chor,6.861054072553046,m,semantic,0,lpz
id0150,rucola,6.861054072553046,m,other,0,lpz
id0150,nelke,6.861054072553046,m,semantic,0,lpz
id0150,flunder,6.861054072553046,m,other,1,lpz
id0150,cello,6.861054072553046,m,semantic,0,lpz
id0151,chor,4.900752908966461,m,other,0,lpz
id0151,elch,4.900752908966461,m,other,0,lpz
id0151,rucola,4.900752908966461,m,other,0,lpz
id0151,gazelle,4.900752908966461,m,other,0,lpz
id0151,nelke,4.900752908966461,m,semantic,1,lpz
id0151,cello,4.900752908966461,m,other,0,lpz
id0151,kajak,4.900752908966461,m,other,0,lpz
id0151,flunder,4.900752908966461,m,other,0,lpz
id0151,zucchini,4.900752908966461,m,other,1,lpz
id0152,chor,3.025325119780972,m,other,1,lpz
id0152,rucola,3.025325119780972,m,semantic,0,lpz
id0152,pfifferling,3.025325119780972,m,semantic,0,lpz
id0152,ruine,3.025325119780972,m,other,0,lpz
id0152,labyrinth,3.025325119780972,m,other,0,lpz
id0152,orchidee,3.025325119780972,m,other,0,lpz
id0152,nelke,3.025325119780972,m,other,0,lpz
id0152,flunder,3.028062970568104,m,other,1,lpz
id0152,cello,3.028062970568104,m,other,1,lpz
id0153,kajak,6.535249828884326,m,other,1,lpz
id0153,flunder,6.535249828884326,m,other,1,lpz
id0153,cello,6.535249828884326,m,semantic,0,lpz
id0155,chor,6.187542778918549,f,semantic,0,lpz
id0155,hummer,6.187542778918549,f,other,1,lpz
id0155,flunder,6.187542778918549,f,other,1,lpz
id0156,chor,6.7734428473648185,f,semantic,1,lpz
id0156,rucola,6.7734428473648185,f,semantic,0,lpz
id0156,nelke,6.7734428473648185,f,semantic,0,lpz
id0156,cello,6.7734428473648185,f,semantic,1,lpz
id0157,chor,4.128678986995209,f,other,0,lpz
id0157,rucola,4.128678986995209,f,semantic,0,lpz
id0157,orchidee,4.128678986995209,f,semantic,1,lpz
id0157,labyrinth,4.128678986995209,f,semantic,1,lpz
id0157,hummer,4.128678986995209,f,other,0,lpz
id0157,flunder,4.128678986995209,f,other,0,lpz
id0160,chor,3.058179329226557,m,other,1,lpz
id0160,rucola,3.058179329226557,m,other,0,lpz
id0160,palme,3.058179329226557,m,other,0,lpz
id0160,ozean,3.058179329226557,m,other,1,lpz
id0160,gazelle,3.058179329226557,m,other,0,lpz
id0160,labyrinth,3.058179329226557,m,other,0,lpz
id0160,orchidee,3.058179329226557,m,other,0,lpz
id0160,zucchini,3.058179329226557,m,semantic,0,lpz
id0160,hummer,3.058179329226557,m,semantic,0,lpz
id0160,nelke,3.058179329226557,m,other,0,lpz
id0160,flunder,3.058179329226557,m,other,1,lpz
id0160,cello,3.058179329226557,m,other,1,lpz
id0161,chor,4.276522929500342,m,semantic,0,lpz
id0161,rucola,4.276522929500342,m,semantic,1,lpz
id0161,gazelle,4.276522929500342,m,semantic,1,lpz
id0161,pfifferling,4.276522929500342,m,other,0,lpz
id0161,nelke,4.276522929500342,m,semantic,1,lpz
id0161,ozean,4.276522929500342,m,semantic,1,lpz
id0161,hummer,4.276522929500342,m,other,0,lpz
id0161,flunder,4.276522929500342,m,other,0,lpz
id0163,chor,4.249144421629021,f,semantic,1,lpz
id0163,ozean,4.249144421629021,f,other,0,lpz
id0163,labyrinth,4.249144421629021,f,other,1,lpz
id0163,kajak,4.249144421629021,f,other,1,lpz
id0163,nelke,4.249144421629021,f,semantic,0,lpz
id0163,flunder,4.249144421629021,f,other,1,lpz
id0164,chor,4.969199178644764,m,other,1,lpz
id0164,rucola,4.969199178644764,m,semantic,0,lpz
id0164,gazelle,4.969199178644764,m,other,0,lpz
id0164,kajak,4.969199178644764,m,other,0,lpz
id0164,hummer,4.969199178644764,m,semantic,1,lpz
id0164,flunder,4.969199178644764,m,other,0,lpz
id0164,cello,4.969199178644764,m,semantic,0,lpz
id0165,chor,3.0992470910335386,m,semantic,0,lpz
id0165,rucola,3.0992470910335386,m,semantic,0,lpz
id0165,ozean,3.0992470910335386,m,semantic,1,lpz
id0165,ruine,3.0992470910335386,m,semantic,1,lpz
id0165,labyrinth,3.0992470910335386,m,semantic,1,lpz
id0165,kajak,3.0992470910335386,m,other,0,lpz
id0165,hummer,3.0992470910335386,m,other,1,lpz
id0165,nelke,3.0992470910335386,m,other,0,lpz
id0165,cello,3.0992470910335386,m,other,0,lpz
id0167,chor,5.127994524298426,f,semantic,0,lpz
id0167,rucola,5.127994524298426,f,other,0,lpz
id0167,kajak,5.127994524298426,f,other,1,lpz
id0167,nelke,5.127994524298426,f,semantic,0,lpz
id0167,cello,5.127994524298426,f,semantic,1,lpz
id0168,chor,5.106091718001369,m,other,0,lpz
id0168,rucola,5.106091718001369,m,other,0,lpz
id0168,gazelle,5.106091718001369,m,other,0,lpz
id0168,pfifferling,5.106091718001369,m,other,1,lpz
id0168,orchidee,5.106091718001369,m,other,0,lpz
id0168,hummer,5.106091718001369,m,other,1,lpz
id0168,nelke,5.106091718001369,m,other,1,lpz
id0168,flunder,5.106091718001369,m,other,1,lpz
id0168,cello,5.106091718001369,m,other,0,lpz
id0169,chor,4.648870636550308,m,other,1,lpz
id0169,rucola,4.648870636550308,m,other,0,lpz
id0169,orchidee,4.648870636550308,m,semantic,1,lpz
id0169,nelke,4.648870636550308,m,semantic,0,lpz
id0169,cello,4.648870636550308,m,other,0,lpz
id0169,kajak,4.648870636550308,m,other,1,lpz
id0169,flunder,4.648870636550308,m,other,0,lpz
id0170,rucola,4.616016427104722,m,other,0,lpz
id0170,nelke,4.616016427104722,m,semantic,1,lpz
id0170,hummer,4.616016427104722,m,semantic,1,lpz
id0170,flunder,4.616016427104722,m,other,0,lpz
id0171,rucola,4.432580424366872,f,other,1,lpz
id0171,pfifferling,4.432580424366872,f,semantic,1,lpz
id0171,orchidee,4.432580424366872,f,semantic,1,lpz
id0171,kajak,4.432580424366872,f,other,0,lpz
id0171,flunder,4.432580424366872,f,other,0,lpz
id0171,cello,4.432580424366872,f,other,0,lpz
id0172,ruine,3.8302532511978096,m,other,1,lpz
id0172,chor,3.8302532511978096,m,other,0,lpz
id0172,rucola,3.8302532511978096,m,other,0,lpz
id0172,gazelle,3.8302532511978096,m,other,1,lpz
id0172,pfifferling,3.8302532511978096,m,other,1,lpz
id0172,orchidee,3.8302532511978096,m,other,0,lpz
id0172,labyrinth,3.8302532511978096,m,other,1,lpz
id0172,ozean,3.8302532511978096,m,other,0,lpz
id0172,cello,3.8302532511978096,m,other,0,lpz
id0172,kajak,3.8302532511978096,m,semantic,1,lpz
id0172,flunder,3.8302532511978096,m,semantic,0,lpz
id0173,rucola,4.632443531827516,f,semantic,1,lpz
id0173,pfifferling,4.632443531827516,f,other,1,lpz
id0173,nelke,4.632443531827516,f,semantic,0,lpz
id0173,hummer,4.632443531827516,f,other,1,lpz
id0173,kajak,4.632443531827516,f,other,1,lpz
id0173,flunder,4.632443531827516,f,semantic,1,lpz
id0175,chor,4.889801505817933,m,semantic,1,lpz
id0175,rucola,4.889801505817933,m,semantic,1,lpz
id0175,orchidee,4.889801505817933,m,other,1,lpz
id0176,chor,5.004791238877481,m,semantic,0,lpz
id0176,rucola,5.004791238877481,m,semantic,0,lpz
id0176,gazelle,5.004791238877481,m,other,0,lpz
id0176,pfifferling,5.004791238877481,m,semantic,1,lpz
id0176,kajak,5.004791238877481,m,other,1,lpz
id0176,hummer,5.004791238877481,m,other,1,lpz
id0176,nelke,5.004791238877481,m,semantic,1,lpz
id0176,flunder,5.004791238877481,m,semantic,1,lpz
id0176,cello,5.004791238877481,m,other,0,lpz
id0177,chor,4.61327857631759,f,other,1,lpz
id0177,ozean,4.61327857631759,f,semantic,1,lpz
id0177,gazelle,4.61327857631759,f,other,1,lpz
id0177,pfifferling,4.61327857631759,f,other,0,lpz
id0177,labyrinth,4.61327857631759,f,other,0,lpz
id0177,orchidee,4.61327857631759,f,other,1,lpz
id0178,chor,3.1211498973305956,m,other,0,lpz
id0178,rucola,3.1211498973305956,m,semantic,0,lpz
id0178,labyrinth,3.1211498973305956,m,semantic,0,lpz
id0178,cello,3.1211498973305956,m,semantic,0,lpz
id0179,ruine,6.272416153319644,m,semantic,1,lpz
id0179,chor,6.272416153319644,m,semantic,0,lpz
id0179,rucola,6.272416153319644,m,other,0,lpz
id0179,gazelle,6.272416153319644,m,other,1,lpz
id0179,pfifferling,6.272416153319644,m,other,1,lpz
id0179,nelke,6.272416153319644,m,semantic,0,lpz
id0179,cello,6.272416153319644,m,other,1,lpz
id0179,kajak,6.272416153319644,m,other,0,lpz
id0180,chor,3.6303901437371664,f,other,1,lpz
id0180,pfifferling,3.6303901437371664,f,semantic,0,lpz
id0180,orchidee,3.6303901437371664,f,other,0,lpz
id0180,nelke,3.6303901437371664,f,semantic,0,lpz
id0180,ventilator,3.6303901437371664,f,semantic,1,lpz
id0180,ozean,3.6303901437371664,f,semantic,0,lpz
id0180,hummer,3.6303901437371664,f,other,1,lpz
id0180,cello,3.6303901437371664,f,semantic,0,lpz
id0180,kajak,3.6303901437371664,f,other,0,lpz
id0180,flunder,3.6303901437371664,f,other,0,lpz
id0181,chor,6.231348391512663,f,semantic,1,lpz
id0181,rucola,6.231348391512663,f,semantic,1,lpz
id0181,nelke,6.231348391512663,f,semantic,1,lpz
id0181,flunder,6.231348391512663,f,other,0,lpz
id0182,chor,5.13347022587269,m,other,1,lpz
id0183,ruine,3.3292265571526354,m,semantic,0,lpz
id0183,chor,3.3292265571526354,m,other,1,lpz
id0183,elch,3.3292265571526354,m,semantic,1,lpz
id0183,rucola,3.3292265571526354,m,semantic,1,lpz
id0183,palme,3.3292265571526354,m,semantic,0,lpz
id0183,gazelle,3.3292265571526354,m,semantic,1,lpz
id0183,nelke,3.3292265571526354,m,semantic,0,lpz
id0183,hummer,3.3292265571526354,m,semantic,1,lpz
id0183,cello,3.3292265571526354,m,semantic,1,lpz
id0184,chor,3.761806981519507,m,other,1,lpz
id0184,gazelle,3.761806981519507,m,other,0,lpz
id0184,pfifferling,3.761806981519507,m,other,1,lpz
id0184,labyrinth,3.761806981519507,m,other,0,lpz
id0184,orchidee,3.761806981519507,m,other,1,lpz
id0184,kajak,3.761806981519507,m,other,0,lpz
id0184,nelke,3.761806981519507,m,other,0,lpz
id0185,chor,5.771389459274469,m,semantic,1,lpz
id0185,rucola,5.771389459274469,m,semantic,0,lpz
id0185,gazelle,5.771389459274469,m,other,0,lpz
id0185,pfifferling,5.771389459274469,m,other,0,lpz
id0185,orchidee,5.771389459274469,m,semantic,1,lpz
id0185,nelke,5.771389459274469,m,other,0,lpz
id0185,flunder,5.771389459274469,m,semantic,1,lpz
id0186,rucola,6.272416153319644,f,other,1,lpz
id0186,pfifferling,6.272416153319644,f,other,1,lpz
id0186,orchidee,6.272416153319644,f,semantic,1,lpz
id0186,nelke,6.272416153319644,f,semantic,0,lpz
id0186,cello,6.272416153319644,f,semantic,1,lpz
id0186,kajak,6.272416153319644,f,other,1,lpz
id0187,chor,4.268309377138946,m,other,0,lpz
id0187,rucola,4.268309377138946,m,other,0,lpz
id0187,orchidee,4.268309377138946,m,semantic,1,lpz
id0187,cello,4.268309377138946,m,semantic,1,lpz
id0187,zucchini,4.268309377138946,m,semantic,1,lpz
id0188,nelke,5.546885694729637,f,semantic,1,lpz
id0189,chor,4.722792607802875,m,other,0,lpz
id0189,rucola,4.722792607802875,m,semantic,0,lpz
id0189,gazelle,4.722792607802875,m,other,0,lpz
id0189,orchidee,4.722792607802875,m,semantic,1,lpz
id0189,cello,4.722792607802875,m,other,1,lpz
id0189,kajak,4.722792607802875,m,semantic,1,lpz
id0048,chor,3.159479808350445,f,other,0,lg
id0048,rucola,3.159479808350445,f,other,0,lg
id0048,gazelle,3.159479808350445,f,other,0,lg
id0048,pfifferling,3.159479808350445,f,other,0,lg
id0048,ruine,3.159479808350445,f,other,1,lg
id0048,zucchini,3.159479808350445,f,other,1,lg
id0048,kajak,3.159479808350445,f,semantic,1,lg
id0048,nelke,3.159479808350445,f,semantic,0,lg
id0048,flunder,3.159479808350445,f,semantic,0,lg
id0011,chor,4.292950034223135,f,other,0,lg
id0011,rucola,4.292950034223135,f,semantic,0,lg
id0011,pfifferling,4.292950034223135,f,other,1,lg
id0011,ruine,4.292950034223135,f,semantic,1,lg
id0011,labyrinth,4.292950034223135,f,semantic,1,lg
id0011,orchidee,4.292950034223135,f,other,1,lg
id0011,kajak,4.292950034223135,f,other,0,lg
id0011,flunder,4.292950034223135,f,other,0,lg
id0011,cello,4.292950034223135,f,other,0,lg
id0092,rucola,5.820670773442847,f,semantic,0,lg
id0092,gazelle,5.820670773442847,f,other,1,lg
id0092,pfifferling,5.820670773442847,f,other,0,lg
id0092,orchidee,5.820670773442847,f,semantic,1,lg
id0092,zucchini,5.820670773442847,f,other,1,lg
id0092,nelke,5.820670773442847,f,semantic,0,lg
id0092,flunder,5.820670773442847,f,other,0,lg
id0105,rucola,4.917180013689254,m,semantic,0,lg
id0105,gazelle,4.917180013689254,m,other,0,lg
id0105,pfifferling,4.917180013689254,m,other,1,lg
id0105,ruine,4.917180013689254,m,other,1,lg
id0105,orchidee,4.917180013689254,m,other,0,lg
id0105,kajak,4.917180013689254,m,semantic,1,lg
id0105,hummer,4.917180013689254,m,other,0,lg
id0105,nelke,4.917180013689254,m,other,0,lg
id0105,flunder,4.917180013689254,m,semantic,0,lg
id0158,rucola,5.806981519507187,m,other,0,lg
id0158,orchidee,5.806981519507187,m,other,0,lg
id0158,nelke,5.806981519507187,m,semantic,0,lg
id0159,chor,3.8302532511978096,m,other,0,lg
id0159,rucola,3.8302532511978096,m,semantic,0,lg
id0159,ozean,3.8302532511978096,m,other,1,lg
id0159,pfifferling,3.8302532511978096,m,semantic,0,lg
id0159,ruine,3.8302532511978096,m,semantic,0,lg
id0159,labyrinth,3.8302532511978096,m,other,1,lg
id0159,orchidee,3.8302532511978096,m,other,0,lg
id0159,kajak,3.8302532511978096,m,other,1,lg
id0159,nelke,3.8302532511978096,m,other,0,lg
id0159,cello,3.8302532511978096,m,semantic,0,lg
id0032,rucola,4.002737850787132,f,other,1,lg
id0032,gazelle,4.002737850787132,f,other,1,lg
id0032,kajak,4.002737850787132,f,other,0,lg
id0032,flunder,4.002737850787132,f,other,1,lg
id0032,cello,4.002737850787132,f,semantic,0,lg
id0154,ozean,4.016427104722792,m,other,0,lg
id0154,pfifferling,4.016427104722792,m,semantic,1,lg
id0154,ruine,4.016427104722792,m,other,1,lg
id0154,orchidee,4.016427104722792,m,other,1,lg
id0154,kajak,4.016427104722792,m,other,0,lg
id0154,hummer,4.016427104722792,m,semantic,1,lg
id0154,flunder,4.016427104722792,m,other,0,lg
id0154,cello,4.016427104722792,m,other,1,lg
id0162,rucola,5.823408624229979,f,other,1,lg
id0162,gazelle,5.823408624229979,f,other,0,lg
id0162,hummer,5.823408624229979,f,semantic,1,lg
id0162,nelke,5.823408624229979,f,semantic,1,lg
id0162,cello,5.823408624229979,f,semantic,1,lg
id0115,chor,4.2217659137577,f,other,0,lg
id0115,ventilator,4.2217659137577,f,semantic,1,lg
id0115,rucola,4.2217659137577,f,semantic,1,lg
id0115,palme,4.2217659137577,f,semantic,1,lg
id0115,ozean,4.2217659137577,f,other,0,lg
id0115,gazelle,4.2217659137577,f,other,0,lg
id0115,ruine,4.2217659137577,f,semantic,1,lg
id0115,labyrinth,4.2217659137577,f,other,0,lg
id0115,hummer,4.2217659137577,f,other,0,lg
id0115,nelke,4.2217659137577,f,other,0,lg
id0115,cello,4.2217659137577,f,other,0,lg
id0166,rucola,4.870636550308008,f,other,0,lg
id0166,flunder,4.870636550308008,f,other,0,lg
id0166,cello,4.870636550308008,f,semantic,1,lg
id0149,chor,5.229295003422314,m,other,0,lg
id0149,gazelle,5.229295003422314,m,other,0,lg
id0149,pfifferling,5.229295003422314,m,other,0,lg
id0149,ruine,5.229295003422314,m,other,0,lg
id0149,zucchini,5.229295003422314,m,other,0,lg
id0149,kajak,5.229295003422314,m,other,1,lg
id0149,nelke,5.229295003422314,m,other,1,lg
id0149,flunder,5.229295003422314,m,other,0,lg
id0149,cello,5.229295003422314,m,other,0,lg
id0174,elch,4.531143052703627,f,semantic,1,lg
id0174,rucola,4.531143052703627,f,other,0,lg
id0174,kajak,4.531143052703627,f,other,0,lg
id0174,cello,4.531143052703627,f,other,1,lg
